{
  "fio version" : "fio-3.36",
  "timestamp" : 1776662986,
  "timestamp_ms" : 1776662986164,
  "time" : "Mon Apr 20 14:29:46 2026",
  "jobs" : [
    {
      "jobname" : "etcd-sync-write",
      "groupid" : 0,
      "job_start" : 1776662956145,
      "error" : 0,
      "eta" : 0,
      "elapsed" : 31,
      "job options" : {
        "name" : "etcd-sync-write",
        "filename" : "/mnt/usbtest/fio-test.bin",
        "rw" : "write",
        "bs" : "4k",
        "size" : "100M",
        "sync" : "1",
        "fsync" : "1",
        "iodepth" : "1",
        "direct" : "1",
        "runtime" : "30"
      },
      "read" : {
        "io_bytes" : 0,
        "io_kbytes" : 0,
        "bw_bytes" : 0,
        "bw" : 0,
        "iops" : 0.000000,
        "runtime" : 0,
        "total_ios" : 0,
        "short_ios" : 0,
        "drop_ios" : 0,
        "slat_ns" : {
          "min" : 0,
          "max" : 0,
          "mean" : 0.000000,
          "stddev" : 0.000000,
          "N" : 0
        },
        "clat_ns" : {
          "min" : 0,
          "max" : 0,
          "mean" : 0.000000,
          "stddev" : 0.000000,
          "N" : 0
        },
        "lat_ns" : {
          "min" : 0,
          "max" : 0,
          "mean" : 0.000000,
          "stddev" : 0.000000,
          "N" : 0
        },
        "bw_min" : 0,
        "bw_max" : 0,
        "bw_agg" : 0.000000,
        "bw_mean" : 0.000000,
        "bw_dev" : 0.000000,
        "bw_samples" : 0,
        "iops_min" : 0,
        "iops_max" : 0,
        "iops_mean" : 0.000000,
        "iops_stddev" : 0.000000,
        "iops_samples" : 0
      },
      "write" : {
        "io_bytes" : 36790272,
        "io_kbytes" : 35928,
        "bw_bytes" : 1226260,
        "bw" : 1197,
        "iops" : 299.380041,
        "runtime" : 30002,
        "total_ios" : 8982,
        "short_ios" : 0,
        "drop_ios" : 0,
        "slat_ns" : {
          "min" : 0,
          "max" : 0,
          "mean" : 0.000000,
          "stddev" : 0.000000,
          "N" : 0
        },
        "clat_ns" : {
          "min" : 2262908,
          "max" : 423182276,
          "mean" : 3310859.076486,
          "stddev" : 8013005.972580,
          "N" : 8982,
          "percentile" : {
            "1.000000" : 2342912,
            "5.000000" : 2408448,
            "10.000000" : 2473984,
            "20.000000" : 2506752,
            "30.000000" : 2539520,
            "40.000000" : 2572288,
            "50.000000" : 2605056,
            "60.000000" : 2637824,
            "70.000000" : 2703360,
            "80.000000" : 2801664,
            "90.000000" : 3227648,
            "95.000000" : 4489216,
            "99.000000" : 9895936,
            "99.500000" : 47972352,
            "99.900000" : 96993280,
            "99.950000" : 102236160,
            "99.990000" : 421527552
          }
        },
        "lat_ns" : {
          "min" : 2263204,
          "max" : 423183461,
          "mean" : 3311686.644289,
          "stddev" : 8013018.967756,
          "N" : 8982
        },
        "bw_min" : 215,
        "bw_max" : 1325,
        "bw_agg" : 99.873110,
        "bw_mean" : 1196.203390,
        "bw_dev" : 183.329060,
        "bw_samples" : 59,
        "iops_min" : 53,
        "iops_max" : 331,
        "iops_mean" : 298.898305,
        "iops_stddev" : 45.898199,
        "iops_samples" : 59
      },
      "trim" : {
        "io_bytes" : 0,
        "io_kbytes" : 0,
        "bw_bytes" : 0,
        "bw" : 0,
        "iops" : 0.000000,
        "runtime" : 0,
        "total_ios" : 0,
        "short_ios" : 0,
        "drop_ios" : 0,
        "slat_ns" : {
          "min" : 0,
          "max" : 0,
          "mean" : 0.000000,
          "stddev" : 0.000000,
          "N" : 0
        },
        "clat_ns" : {
          "min" : 0,
          "max" : 0,
          "mean" : 0.000000,
          "stddev" : 0.000000,
          "N" : 0
        },
        "lat_ns" : {
          "min" : 0,
          "max" : 0,
          "mean" : 0.000000,
          "stddev" : 0.000000,
          "N" : 0
        },
        "bw_min" : 0,
        "bw_max" : 0,
        "bw_agg" : 0.000000,
        "bw_mean" : 0.000000,
        "bw_dev" : 0.000000,
        "bw_samples" : 0,
        "iops_min" : 0,
        "iops_max" : 0,
        "iops_mean" : 0.000000,
        "iops_stddev" : 0.000000,
        "iops_samples" : 0
      },
      "sync" : {
        "total_ios" : 8981,
        "lat_ns" : {
          "min" : 5241,
          "max" : 255685,
          "mean" : 13544.003897,
          "stddev" : 7863.734314,
          "N" : 8981,
          "percentile" : {
            "1.000000" : 7008,
            "5.000000" : 8512,
            "10.000000" : 9536,
            "20.000000" : 10560,
            "30.000000" : 11200,
            "40.000000" : 11840,
            "50.000000" : 12480,
            "60.000000" : 13120,
            "70.000000" : 13888,
            "80.000000" : 15168,
            "90.000000" : 17024,
            "95.000000" : 19072,
            "99.000000" : 46336,
            "99.500000" : 58112,
            "99.900000" : 96768,
            "99.950000" : 152576,
            "99.990000" : 254976
          }
        }
      },
      "job_runtime" : 30001,
      "usr_cpu" : 0.793307,
      "sys_cpu" : 6.323123,
      "ctx" : 18220,
      "majf" : 0,
      "minf" : 29,
      "iodepth_level" : {
        "1" : 199.988867,
        "2" : 0.000000,
        "4" : 0.000000,
        "8" : 0.000000,
        "16" : 0.000000,
        "32" : 0.000000,
        ">=64" : 0.000000
      },
      "iodepth_submit" : {
        "0" : 0.000000,
        "4" : 100.000000,
        "8" : 0.000000,
        "16" : 0.000000,
        "32" : 0.000000,
        "64" : 0.000000,
        ">=64" : 0.000000
      },
      "iodepth_complete" : {
        "0" : 0.000000,
        "4" : 100.000000,
        "8" : 0.000000,
        "16" : 0.000000,
        "32" : 0.000000,
        "64" : 0.000000,
        ">=64" : 0.000000
      },
      "latency_ns" : {
        "2" : 0.000000,
        "4" : 0.000000,
        "10" : 0.000000,
        "20" : 0.000000,
        "50" : 0.000000,
        "100" : 0.000000,
        "250" : 0.000000,
        "500" : 0.000000,
        "750" : 0.000000,
        "1000" : 0.000000
      },
      "latency_us" : {
        "2" : 0.000000,
        "4" : 0.000000,
        "10" : 0.000000,
        "20" : 0.000000,
        "50" : 0.000000,
        "100" : 0.000000,
        "250" : 0.000000,
        "500" : 0.000000,
        "750" : 0.000000,
        "1000" : 0.000000
      },
      "latency_ms" : {
        "2" : 0.000000,
        "4" : 93.865509,
        "10" : 5.154754,
        "20" : 0.189267,
        "50" : 0.311735,
        "100" : 0.423068,
        "250" : 0.033400,
        "500" : 0.022267,
        "750" : 0.000000,
        "1000" : 0.000000,
        "2000" : 0.000000,
        ">=2000" : 0.000000
      },
      "latency_depth" : 1,
      "latency_target" : 0,
      "latency_percentile" : 100.000000,
      "latency_window" : 0
    }
  ],
  "disk_util" : [
    {
      "name" : "sda",
      "read_ios" : 0,
      "write_ios" : 27272,
      "read_sectors" : 0,
      "write_sectors" : 532072,
      "read_merges" : 0,
      "write_merges" : 8997,
      "read_ticks" : 0,
      "write_ticks" : 29908,
      "in_queue" : 29908,
      "util" : 87.273822
    }
  ]
}
