{
  "fio version" : "fio-3.36",
  "timestamp" : 1776620575,
  "timestamp_ms" : 1776620575255,
  "time" : "Mon Apr 20 02:42:55 2026",
  "jobs" : [
    {
      "jobname" : "etcd-sync-write",
      "groupid" : 0,
      "job_start" : 1776620545220,
      "error" : 0,
      "eta" : 0,
      "elapsed" : 31,
      "job options" : {
        "name" : "etcd-sync-write",
        "filename" : "/var/lib/rancher/k3s/server/db/fio-test.bin",
        "rw" : "write",
        "bs" : "4k",
        "size" : "100M",
        "sync" : "1",
        "fsync" : "1",
        "iodepth" : "1",
        "direct" : "1",
        "runtime" : "30"
      },
      "read" : {
        "io_bytes" : 0,
        "io_kbytes" : 0,
        "bw_bytes" : 0,
        "bw" : 0,
        "iops" : 0.000000,
        "runtime" : 0,
        "total_ios" : 0,
        "short_ios" : 0,
        "drop_ios" : 0,
        "slat_ns" : {
          "min" : 0,
          "max" : 0,
          "mean" : 0.000000,
          "stddev" : 0.000000,
          "N" : 0
        },
        "clat_ns" : {
          "min" : 0,
          "max" : 0,
          "mean" : 0.000000,
          "stddev" : 0.000000,
          "N" : 0
        },
        "lat_ns" : {
          "min" : 0,
          "max" : 0,
          "mean" : 0.000000,
          "stddev" : 0.000000,
          "N" : 0
        },
        "bw_min" : 0,
        "bw_max" : 0,
        "bw_agg" : 0.000000,
        "bw_mean" : 0.000000,
        "bw_dev" : 0.000000,
        "bw_samples" : 0,
        "iops_min" : 0,
        "iops_max" : 0,
        "iops_mean" : 0.000000,
        "iops_stddev" : 0.000000,
        "iops_samples" : 0
      },
      "write" : {
        "io_bytes" : 8249344,
        "io_kbytes" : 8056,
        "bw_bytes" : 274822,
        "bw" : 268,
        "iops" : 67.095313,
        "runtime" : 30017,
        "total_ios" : 2014,
        "short_ios" : 0,
        "drop_ios" : 0,
        "slat_ns" : {
          "min" : 0,
          "max" : 0,
          "mean" : 0.000000,
          "stddev" : 0.000000,
          "N" : 0
        },
        "clat_ns" : {
          "min" : 2556057,
          "max" : 965785601,
          "mean" : 14864164.538729,
          "stddev" : 26403670.943848,
          "N" : 2014,
          "percentile" : {
            "1.000000" : 2736128,
            "5.000000" : 3031040,
            "10.000000" : 3194880,
            "20.000000" : 3751936,
            "30.000000" : 4112384,
            "40.000000" : 5734400,
            "50.000000" : 17956864,
            "60.000000" : 18219008,
            "70.000000" : 19005440,
            "80.000000" : 19529728,
            "90.000000" : 23461888,
            "95.000000" : 35389440,
            "99.000000" : 53215232,
            "99.500000" : 57409536,
            "99.900000" : 325058560,
            "99.950000" : 417333248,
            "99.990000" : 968884224
          }
        },
        "lat_ns" : {
          "min" : 2556817,
          "max" : 965799064,
          "mean" : 14865213.324230,
          "stddev" : 26403927.132135,
          "N" : 2014
        },
        "bw_min" : 16,
        "bw_max" : 974,
        "bw_agg" : 100.000000,
        "bw_mean" : 274.982759,
        "bw_dev" : 174.634103,
        "bw_samples" : 58,
        "iops_min" : 4,
        "iops_max" : 243,
        "iops_mean" : 68.241379,
        "iops_stddev" : 43.708890,
        "iops_samples" : 58
      },
      "trim" : {
        "io_bytes" : 0,
        "io_kbytes" : 0,
        "bw_bytes" : 0,
        "bw" : 0,
        "iops" : 0.000000,
        "runtime" : 0,
        "total_ios" : 0,
        "short_ios" : 0,
        "drop_ios" : 0,
        "slat_ns" : {
          "min" : 0,
          "max" : 0,
          "mean" : 0.000000,
          "stddev" : 0.000000,
          "N" : 0
        },
        "clat_ns" : {
          "min" : 0,
          "max" : 0,
          "mean" : 0.000000,
          "stddev" : 0.000000,
          "N" : 0
        },
        "lat_ns" : {
          "min" : 0,
          "max" : 0,
          "mean" : 0.000000,
          "stddev" : 0.000000,
          "N" : 0
        },
        "bw_min" : 0,
        "bw_max" : 0,
        "bw_agg" : 0.000000,
        "bw_mean" : 0.000000,
        "bw_dev" : 0.000000,
        "bw_samples" : 0,
        "iops_min" : 0,
        "iops_max" : 0,
        "iops_mean" : 0.000000,
        "iops_stddev" : 0.000000,
        "iops_samples" : 0
      },
      "sync" : {
        "total_ios" : 2013,
        "lat_ns" : {
          "min" : 6297,
          "max" : 152913,
          "mean" : 17564.860904,
          "stddev" : 7724.278136,
          "N" : 2013,
          "percentile" : {
            "1.000000" : 8512,
            "5.000000" : 10944,
            "10.000000" : 12224,
            "20.000000" : 13632,
            "30.000000" : 14656,
            "40.000000" : 15680,
            "50.000000" : 17024,
            "60.000000" : 18048,
            "70.000000" : 18816,
            "80.000000" : 20096,
            "90.000000" : 21632,
            "95.000000" : 23424,
            "99.000000" : 50944,
            "99.500000" : 64768,
            "99.900000" : 108032,
            "99.950000" : 116224,
            "99.990000" : 152576
          }
        }
      },
      "job_runtime" : 30016,
      "usr_cpu" : 0.233209,
      "sys_cpu" : 1.982276,
      "ctx" : 4285,
      "majf" : 0,
      "minf" : 28,
      "iodepth_level" : {
        "1" : 199.950348,
        "2" : 0.000000,
        "4" : 0.000000,
        "8" : 0.000000,
        "16" : 0.000000,
        "32" : 0.000000,
        ">=64" : 0.000000
      },
      "iodepth_submit" : {
        "0" : 0.000000,
        "4" : 100.000000,
        "8" : 0.000000,
        "16" : 0.000000,
        "32" : 0.000000,
        "64" : 0.000000,
        ">=64" : 0.000000
      },
      "iodepth_complete" : {
        "0" : 0.000000,
        "4" : 100.000000,
        "8" : 0.000000,
        "16" : 0.000000,
        "32" : 0.000000,
        "64" : 0.000000,
        ">=64" : 0.000000
      },
      "latency_ns" : {
        "2" : 0.000000,
        "4" : 0.000000,
        "10" : 0.000000,
        "20" : 0.000000,
        "50" : 0.000000,
        "100" : 0.000000,
        "250" : 0.000000,
        "500" : 0.000000,
        "750" : 0.000000,
        "1000" : 0.000000
      },
      "latency_us" : {
        "2" : 0.000000,
        "4" : 0.000000,
        "10" : 0.000000,
        "20" : 0.000000,
        "50" : 0.000000,
        "100" : 0.000000,
        "250" : 0.000000,
        "500" : 0.000000,
        "750" : 0.000000,
        "1000" : 0.000000
      },
      "latency_ms" : {
        "2" : 0.000000,
        "4" : 24.975174,
        "10" : 18.818272,
        "20" : 39.672294,
        "50" : 15.143992,
        "100" : 1.241311,
        "250" : 0.000000,
        "500" : 0.099305,
        "750" : 0.000000,
        "1000" : 0.049652,
        "2000" : 0.000000,
        ">=2000" : 0.000000
      },
      "latency_depth" : 1,
      "latency_target" : 0,
      "latency_percentile" : 100.000000,
      "latency_window" : 0
    }
  ],
  "disk_util" : [
    {
      "name" : "mmcblk0",
      "read_ios" : 0,
      "write_ios" : 6785,
      "read_sectors" : 0,
      "write_sectors" : 73408,
      "read_merges" : 0,
      "write_merges" : 2371,
      "read_ticks" : 0,
      "write_ticks" : 61009,
      "in_queue" : 61008,
      "util" : 94.128066
    }
  ]
}
